,predVal0,dPredVel0,v0*2,d(v0*2)
0,7.644110275689225e-05,3.3967633499692024e-05,7.530120481927712e-05,4.131507795438136e-06
1,3.3419906806202745e-05,4.427059218229621e-05,7.23589001447178e-05,3.944205883676489e-06
2,0.00013625175808720113,7.974098036634991e-05,7.032348804500703e-05,3.816360108043068e-06
3,6.541077969649401e-05,8.571526403940029e-05,6.872852233676975e-05,3.717142518189318e-06
4,-1.2331976815883579e-05,9.02253208015675e-05,6.958942240779402e-05,3.770592189780568e-06
