,predVal0,dPredVel0,v0*2,d(v0*2)
0,0.0001633795980007911,3.0037219518315947e-05,0.00013793103448275863,8.95197632566883e-06
1,0.00015109909387323582,2.8038713317162206e-05,0.00014025245441795232,9.165224348683854e-06
2,0.0001610510104424912,3.0056000726904896e-05,0.00015527950310559007,1.061145992133895e-05
3,0.00016799228729814415,3.1809393709244514e-05,0.00013736263736263736,8.9001708842579e-06
4,0.00016527461402176665,3.183183194833764e-05,0.0001447178002894356,9.582997857698527e-06
