,predVal0,dPredVel0,v0*2,d(v0*2)
0,8.18108201049397e-05,1.93460240530871e-05,6.443298969072165e-05,3.454019893461696e-06
1,7.303370786516853e-05,1.9920104930497768e-05,6.289308176100629e-05,3.361103367335599e-06
2,4.0845033506032834e-05,1.3110694422150074e-05,7.072135785007072e-05,3.841241434259162e-06
3,8.876972408920455e-05,4.7532420691023235e-05,8.333333333333333e-05,4.658474953124563e-06
4,7.680491551459293e-05,4.009136969354795e-05,9.057971014492755e-05,5.154631424349569e-06
