,predVal0,dPredVel0,v0*2,d(v0*2)
0,6.496001232028482e-05,6.531723543774939e-06,7.168458781362007e-05,3.9016974944363125e-06
1,6.423184386882629e-05,7.0808387501742425e-06,0.0002066115702479339,1.6453794494151698e-05
2,4.988638591877458e-05,8.144615709720378e-06,7.189072609633358e-05,3.91467605602781e-06
3,6.754289886820007e-05,8.138556097823827e-06,6.605019815059445e-05,3.552393460181645e-06
4,6.412560324145325e-05,8.301824138572872e-06,6.313131313131313e-05,3.375430438589281e-06
