,predVal0,dPredVel0,v0*2,d(v0*2)
0,6.288884396828603e-05,2.1631749696021652e-05,6.527415143603133e-05,3.505084778418832e-06
1,5.711265684669942e-05,2.33585339557349e-05,6.506180871828237e-05,3.4921731163775887e-06
2,6.799929184169443e-05,2.334983320058932e-05,6.506180871828237e-05,3.4921731163775887e-06
3,6.712387615453067e-05,2.244356077526028e-05,6.30119722747322e-05,3.3682511974939916e-06
4,5.726963988209663e-05,2.225913585640547e-05,6.472491909385114e-05,3.4717172132666326e-06
