,predVal0,dPredVel0,v0*2,d(v0*2)
0,6.465734212326032e-05,8.838648909851033e-06,5.5897149245388485e-05,2.94785487438479e-06
1,6.204339766655763e-05,9.687094873661408e-06,6.711409395973154e-05,3.617559949460815e-06
2,4.6165248233575916e-05,7.020047486872995e-06,5.89622641509434e-05,3.1271627069553523e-06
3,3.648321444931613e-05,6.655777917251344e-06,5.170630816959669e-05,2.7068727938698856e-06
4,5.87110471287935e-05,8.546318374795161e-06,9.191176470588235e-05,5.248072849558949e-06
