,predVal0,dPredVel0,v0*2,d(v0*2)
0,0.00012615301139446555,4.3654450875269485e-05,0.00012254901960784314,7.6055896215431065e-06
1,0.0001059135039717564,3.470633569909594e-05,0.00012391573729863693,7.72061662163631e-06
2,0.00012014439473800772,3.710393203615434e-05,0.00012330456226880397,7.669069330133173e-06
3,0.00010412001791312134,3.4790020673084715e-05,0.00011049723756906077,6.628791405951926e-06
4,0.0001681486548107615,5.385915383932218e-05,0.00012195121951219514,7.555553715574384e-06
