,predVal0,dPredVel0,v0*2,d(v0*2)
0,0.0001177973426755295,2.906935763022158e-05,5.89622641509434e-05,3.1271627069553523e-06
1,6.667297143937962e-05,1.5925559069489607e-05,6.675567423230975e-05,3.5955654707152946e-06
2,6.453869909283921e-05,1.8606780003252594e-05,7.194244604316547e-05,3.917934619256066e-06
3,6.169952978463618e-05,3.338222342091609e-05,6.978367062107467e-05,3.7826859419345674e-06
4,9.125067096081587e-05,6.653664003914228e-05,7.189072609633358e-05,3.91467605602781e-06
